employee_id,name,email,department,age,salary,performance_score,join_date
1,Employee_001,employee001@company.com,Sales,38,73516,5.7,2020-03-07
2,Employee_002,employee002@company.com,HR,40,70759,9.0,2021-04-03
3,Employee_003,employee003@company.com,Marketing,46,57676,6.1,2019-11-16
4,Employee_004,employee004@company.com,Sales,48,66206,5.9,2019-03-04
5,Employee_005,employee005@company.com,Engineering,47,77210,8.3,2019-05-03
6,Employee_006,employee006@company.com,Engineering,51,92253,,2017-02-04
7,Employee_007,employee007@company.com,Engineering,37,106551,7.7,2017-10-01
8,Employee_008,employee008@company.com,Support,23,52483,6.3,2023-06-28
9,Employee_009,employee009@company.com,Marketing,47,55711,4.9,2017-04-04
10,Employee_010,employee010@company.com,Marketing,29,157773,7.8,2018-08-12
11,Employee_011,employee011@company.com,Engineering,31,103688,5.2,2017-04-14
12,Employee_012,employee012@company.com,HR,46,56930,6.5,2018-11-11
13,Employee_013,employee013@company.com,Support,23,65199,6.2,2023-08-29
14,Employee_014,employee014@company.com,Engineering,30,79264,7.5,2020-08-20
15,Employee_015,employee015@company.com,Engineering,46,84556,6.5,2021-09-16
16,Employee_016,employee016@company.com,Engineering,33,88920,7.0,2022-03-27
17,Employee_017,employee017@company.com,Engineering,39,79280,5.2,2017-07-16
18,Employee_018,employee018@company.com,Sales,30,105323,9.8,2022-10-21
19,Employee_019,employee019@company.com,Sales,57,56844,5.6,2020-12-04
20,Employee_020,employee020@company.com,Engineering,57,105978,8.8,2021-09-05
21,Employee_021,employee021@company.com,Marketing,55,57007,,2016-08-13
22,Employee_022,employee022@company.com,Engineering,27,88834,7.4,2018-03-08
23,Employee_023,employee023@company.com,Engineering,50,98615,7.7,2022-05-20
24,Employee_024,employee024@company.com,Sales,29,52497,4.8,2018-08-17
25,Employee_025,employee025@company.com,Sales,31,62047,8.5,2020-02-13
26,Employee_026,employee026@company.com,Support,30,53242,,2017-03-28
27,Employee_027,employee027@company.com,Engineering,34,84847,8.8,2018-03-26
28,Employee_028,employee028@company.com,Sales,56,60130,7.0,2017-10-20
29,Employee_029,employee029@company.com,Sales,55,83040,6.7,2017-06-30
30,Employee_030,employee030@company.com,Engineering,45,107059,5.5,2019-04-30
31,Employee_031,employee031@company.com,Marketing,46,59698,6.2,2016-01-17
32,Employee_032,employee032@company.com,Engineering,57,93990,7.7,2019-05-28
33,Employee_033,employee033@company.com,Engineering,44,109844,5.5,2022-01-14
34,Employee_034,employee034@company.com,HR,49,42882,4.6,2022-11-29
35,Employee_035,employee035@company.com,HR,57,64056,6.1,2018-12-05
36,Employee_036,employee036@company.com,Support,23,78694,8.3,2023-01-09
37,Employee_037,employee037@company.com,Engineering,57,118580,9.5,2021-11-16
38,Employee_038,employee038@company.com,Engineering,36,71721,6.3,2020-11-03
39,Employee_039,employee039@company.com,Marketing,25,55848,5.2,2018-11-26
40,Employee_040,employee040@company.com,Sales,23,72023,6.8,2022-05-16
41,Employee_041,employee041@company.com,Engineering,27,205756,7.4,2022-12-19
42,Employee_042,employee042@company.com,Sales,48,61981,8.0,2016-10-28
43,Employee_043,employee043@company.com,Engineering,36,93352,10.0,2016-06-29
44,Employee_044,employee044@company.com,HR,49,76815,7.5,2017-08-29
45,Employee_045,employee045@company.com,Engineering,31,245583,9.4,2017-11-30
46,Employee_046,employee046@company.com,Marketing,37,67603,6.6,2018-09-19
47,Employee_047,employee047@company.com,Engineering,37,101149,7.3,2019-02-13
48,Employee_048,employee048@company.com,Sales,48,76521,6.4,2016-07-09
49,Employee_049,employee049@company.com,Sales,35,70337,6.3,2022-04-19
50,Employee_050,employee050@company.com,Engineering,54,80634,,2018-09-07
51,Employee_051,employee051@company.com,HR,54,69476,,2021-06-29
52,Employee_052,employee052@company.com,Support,26,60177,6.4,2019-03-30
53,Employee_053,employee053@company.com,HR,52,46838,6.5,2016-05-07
54,Employee_054,employee054@company.com,Support,45,46812,8.6,2021-08-27
55,Employee_055,employee055@company.com,Sales,37,80650,9.9,2020-12-21
56,Employee_056,employee056@company.com,HR,51,67265,6.6,2020-10-24
57,Employee_057,employee057@company.com,Engineering,35,86356,6.8,2023-02-26
58,Employee_058,employee058@company.com,Engineering,54,91760,7.9,2017-07-23
59,Employee_059,employee059@company.com,Engineering,29,93278,10.0,2019-09-08
60,Employee_060,employee060@company.com,Engineering,44,102404,7.3,2021-03-10
4,Employee_004,employee004@company.com,Sales,48,66206,5.9,2019-03-04
18,Employee_018,employee018@company.com,Sales,30,105323,9.8,2022-10-21
